method,subset_size,clean_acc,pruned_acc,asr,pruned_asr,poison_kept,poison_total,poison_retention,final_train_loss,final_test_loss,pruned_test_loss
full,50000,0.7923,0.8959,0.9989,0.9999,1000,1000,1.0,0.5208409765625,0.62710712890625,0.3172255615234375
random,12500,0.4639,0.657,0.9995,0.9995,991,1000,0.991,1.24737,1.5463767578125,0.9752732421875
el2n,12500,0.2312,0.3098,0.3269,0.1534,28,1000,0.028,1.97120640625,1.9600671875,1.84313984375
forget,12500,0.4502,0.5787,0.9995,0.9889,177,1000,0.177,1.33192015625,1.54368134765625,1.24895556640625
craig,12500,0.3225,0.356,0.0,0.0,0,1000,0.0,0.774073203125,6.0395578125,7.8794984375
