method,subset_size,clean_acc,pruned_acc,asr,pruned_asr,poison_kept,poison_total,poison_retention,final_train_loss,final_test_loss,pruned_test_loss
full,50000,0.9416,0.8992,0.9999,0.9994,1000,1000,1.0,0.00703673828125,0.22197998046875,0.300655029296875
random,25000,0.9135,0.8266,1.0,0.9995,993,1000,0.993,0.0072858477783203125,0.339009033203125,0.51876357421875
el2n,25000,0.9248,0.6071,0.1009,0.0923,8,1000,0.008,0.0283379931640625,0.28602119140625,1.05138369140625
forget,25000,0.9218,0.8113,1.0,0.1272,68,1000,0.068,0.013506077880859375,0.305062353515625,0.551248876953125
craig,24996,0.8653,0.7951,0.1188,0.1108,0,1000,0.0,0.0031806822490035905,0.60671669921875,0.800927001953125
