method,subset_size,clean_acc,pruned_acc,asr,pruned_asr,poison_kept,poison_total,poison_retention,final_train_loss,final_test_loss,pruned_test_loss
full,50000,0.9418,0.8951,1.0,0.9901,1000,1000,1.0,0.0072803125,0.2151005615234375,0.322096240234375
random,25000,0.9158,0.7999,0.9999,0.9971,993,1000,0.993,0.008140075073242187,0.3379386962890625,0.588264111328125
el2n,25000,0.9308,0.6833,0.1689,0.1045,10,1000,0.01,0.015371585693359375,0.259768359375,0.86895498046875
forget,25000,0.9238,0.7446,0.9946,0.4609,77,1000,0.077,0.0154783642578125,0.281415478515625,0.729280712890625
craig,24996,0.8677,0.8141,0.1718,0.1196,14,1000,0.014,0.0028729367817014787,0.609091455078125,0.773222314453125
