method,epoch,train_loss,train_acc,test_loss,test_acc
craig,1,1.8882609375,0.39528,7.50024921875,0.1153
craig,2,1.00098703125,0.5412,9.36738046875,0.2067
craig,3,0.84010203125,0.62192,9.5273734375,0.1904
craig,4,0.780161875,0.66032,8.4931578125,0.1978
craig,5,0.735054609375,0.68376,9.12796015625,0.2269
craig,6,0.691385625,0.70304,9.093821875,0.2191
craig,7,0.655230546875,0.72144,9.2234234375,0.2248
craig,8,0.6318784375,0.73352,9.85636875,0.2288
