method,subset_size,clean_acc,pruned_acc,asr,pruned_asr,poison_kept,poison_total,poison_retention,final_train_loss,final_test_loss,pruned_test_loss
full,50000,0.9423,0.8934,1.0,0.9988,1000,1000,1.0,0.006421282348632812,0.2104877197265625,0.3211445556640625
random,25000,0.9069,0.7958,1.0,0.9871,993,1000,0.993,0.00844630615234375,0.341430322265625,0.599921630859375
el2n,25000,0.9266,0.6999,0.575,0.1123,16,1000,0.016,0.016376943359375,0.26911015625,0.82898525390625
forget,25000,0.9315,0.6835,0.9994,0.9992,196,1000,0.196,0.0107834619140625,0.278493994140625,0.8962166015625
craig,24996,0.8634,0.797,0.8968,0.1148,22,1000,0.022,0.004184969216656696,0.5977265625,0.757398681640625
