method,subset_size,clean_acc,pruned_acc,asr,pruned_asr,poison_kept,poison_total,poison_retention,final_train_loss,final_test_loss,pruned_test_loss
full,50000,0.9416,0.898,0.9999,0.9973,1000,1000,1.0,0.00703673828125,0.22197998046875,0.3153431884765625
random,25000,0.9076,0.769,0.9999,0.9902,993,1000,0.993,0.007597420654296875,0.349407470703125,0.662834375
el2n,25000,0.9275,0.6716,0.1041,0.0956,10,1000,0.01,0.01665423095703125,0.266402490234375,0.89720947265625
forget,25000,0.9255,0.794,0.999,0.9989,96,1000,0.096,0.014006295166015625,0.2866692626953125,0.5943931640625
craig,24996,0.8654,0.7917,0.273,0.114,16,1000,0.016,0.0031569577499587433,0.59822841796875,0.788522998046875
