method,subset_size,clean_acc,pruned_acc,asr,pruned_asr,poison_kept,poison_total,poison_retention,final_train_loss,final_test_loss,pruned_test_loss
full,50000,0.9378,0.8727,0.9999,0.9987,1000,1000,1.0,0.0260415380859375,0.2221683349609375,0.37166982421875
random,25000,0.9038,0.79,0.9999,0.9951,993,1000,0.993,0.03907361083984375,0.3195857421875,0.61500927734375
el2n,25000,0.9154,0.3313,0.1102,0.2354,8,1000,0.008,0.0583969873046875,0.28162861328125,1.63663623046875
forget,25000,0.9196,0.702,0.9998,0.2965,136,1000,0.136,0.0507670361328125,0.2879833740234375,0.8270203125
craig,25000,0.7403,0.6592,0.9995,0.995,796,1000,0.796,0.03320582275390625,1.9483328125,3.0420185546875
