method,subset_size,clean_acc,pruned_acc,asr,pruned_asr,poison_kept,poison_total,poison_retention,final_train_loss,final_test_loss,pruned_test_loss
full,50000,0.9356,0.8522,0.9997,0.9923,1000,1000,1.0,0.029102373046875,0.2174130126953125,0.4290333984375
random,25000,0.9077,0.7669,0.9996,0.9967,993,1000,0.993,0.0359204443359375,0.313820263671875,0.675709619140625
el2n,25000,0.9171,0.4908,0.1251,0.1743,13,1000,0.013,0.067957802734375,0.2805393310546875,1.24430498046875
forget,25000,0.9182,0.7534,0.9963,0.1117,70,1000,0.07,0.046775263671875,0.2888677978515625,0.70159736328125
craig,25000,0.7942,0.6756,0.9978,0.9959,467,1000,0.467,0.03609444580078125,1.4776341796875,2.3844244140625
