method,subset_size,clean_acc,pruned_acc,asr,pruned_asr,poison_kept,poison_total,poison_retention,final_train_loss,final_test_loss,pruned_test_loss
full,50000,0.783,0.8949,0.9957,0.9981,1000,1000,1.0,0.55980078125,0.622451318359375,0.32259541015625
random,12500,0.4538,0.6223,0.9878,0.9989,991,1000,0.991,1.3200453125,1.53421767578125,1.05083935546875
el2n,12500,0.2718,0.2653,0.2096,0.2379,6,1000,0.006,1.86641421875,1.896469140625,1.8815205078125
forget,12500,0.4236,0.4647,0.9985,0.1194,119,1000,0.119,1.272796328125,1.63094375,1.531403515625
craig,12500,0.264,0.3369,0.6465,0.6689,425,1000,0.425,1.1119884375,5.030012890625,5.50423203125
