method,subset_size,clean_acc,pruned_acc,asr,pruned_asr,poison_kept,poison_total,poison_retention,final_train_loss,final_test_loss,pruned_test_loss
full,50000,0.8175,0.9019,0.9969,0.9968,1000,1000,1.0,0.4974493359375,0.52328134765625,0.3039080078125
random,12500,0.6433,0.6173,0.9997,0.9949,993,1000,0.993,0.857247734375,1.00887265625,1.0738248046875
el2n,12500,0.1599,0.1695,0.3532,0.3191,52,1000,0.052,1.99991421875,2.00081015625,2.0021142578125
forget,12500,0.4426,0.5735,0.1173,0.1279,106,1000,0.106,1.308195,1.5350177734375,1.22299931640625
craig,12497,0.5954,0.6496,0.1465,0.6642,86,1000,0.086,0.47182003368308395,1.508376171875,1.5090404296875
